title,created_date,sentiment_score,sentiment_label
"After 12 years of unsuccessful attempts, the man who lost his hard drive containing 742 million dollars in Bitcoin is forced to give up",2025-01-21 20:02:03,-0.2958333333333334,Negative
Bitcoin’s Plunge Below $100K Wipes Out a Single Whale for $100M,2025-01-27 06:36:19,-0.07142857142857142,Negative
Jack Mallers: Ripple Is Spending Millions to Undermine Strategic Bitcoin Reserve,2025-01-26 10:28:08,0.0,Neutral
Ripple is the biggest obstacle for a Strategic Bitcoin Reserve in the US.,2025-01-23 19:49:19,0.0,Neutral
"MicroStrategy purchases another 11,000 BTC at $101,191 per Bitcoin",2025-01-21 13:20:38,0.0,Neutral
Why The ‘Bitcoin President’ Is Really More Of An ‘Ethereum President’,2025-01-24 17:58:26,0.5,Positive
"""Remember, Bitcoin is a meme coin."" - God I love this space",2025-01-22 15:14:29,0.5,Positive
"Bitcoin Exceeds $2 Trillion Market Cap, Surpasses Tesla and Silver, Now Ranking as 7th Largest Asset Globally",2025-01-26 20:00:28,0.0,Neutral
"Since This Afternoon US Gov: CBDC Banned, Strategic Bitcoin Reserve Proposed and SAB 121 Rescinded, Banks Can Now Hold Bitcoin - Market Sleeping Right Now",2025-01-24 07:34:58,0.2857142857142857,Positive
Throwback to 2010: Someone Regretting 'Only' Mining 600 Bitcoins - Everyone Thinks They 'Missed the Bus' on Bitcoin (BTC),2025-01-25 07:07:01,0.0,Neutral
"BlackRock CEO Larry Fink Expresses Strong Belief in Bitcoin, Predicts Potential Surge to $700,000",2025-01-22 17:05:13,0.21666666666666667,Positive
Coinbase CEO Brian Armstrong: A Strategic Bitcoin Reserve in the US Could Spark a G20 Gold Standard Revolution,2025-01-21 22:28:59,0.0,Neutral
Politician Portfolio Update: Robert F. Kennedy Jr. now has a ~$5M Bitcoin Position,2025-01-22 17:53:30,0.0,Neutral
"Kraken donated $111,111 to Ross Ulbricht to land on his feet",2025-01-24 01:17:23,0.0,Neutral
Silk Road founder Ross Ulbricht might still have around 430 Bitcoin worth over $47 million across several wallets.,2025-01-22 21:42:58,0.15,Positive
"Binance Founder CZ says ""US Strategic Bitcoin Reserve, pretty much confirmed.""",2025-01-23 18:29:06,0.325,Positive
"For the 12th Week Straight, Michael Saylor Shares the Saylor Bitcoin Tracker - MicroStrategy Always Buys More BTC in the Coming Week",2025-01-26 15:18:44,0.35,Positive
Bitcoin (BTC) Crashes Will Keep Happening - Be Greedy When Others Are Fearful,2025-01-27 09:05:40,-0.9,Negative
Not sure why everyone is celebrating Ross Ulbricht,2025-01-24 02:48:08,-0.25,Negative
"SEC Rescinds SAB 121, Permitting Banks to Custody Bitcoin",2025-01-26 11:29:42,-0.1,Negative
"When You Save in Dollars, Everything Gets More Expensive - But When You Save in Bitcoin, Everything Gets Less Expensive",2025-01-23 12:16:56,-0.16666666666666666,Negative
Blackrock CEO Larry Fink Believes Bitcoin Could Reach $700K – Markets and Prices Bitcoin News,2025-01-26 06:02:51,0.0,Neutral
BlackRock's Bitcoin ETF Surpasses $1 Billion in Trading on Friday Opening Hours,2025-01-24 22:07:26,0.0,Neutral
BlackRock just filed to allow in-kind creation and redemption on their Bitcoin ETF. This means  Authorised Participants can deposit and withdraw Bitcoin to and from the ETF,2025-01-25 14:36:01,0.0,Neutral
"Hong Kong's Gen Z prefers Bitcoin over property, survey reveals",2025-01-25 12:47:01,0.0,Neutral
"Bitcoin (BTC) ETFs Bought $4.2 Billion in Bitcoin Over the Last 7 Trading Days - $150B Annual Run Rate, Nearly 4x 2024 Inflows",2025-01-25 19:27:18,0.05,Positive
Ethereum Gets a Wall Street Sales Force as Token Lags Bitcoin,2025-01-23 07:44:48,0.0,Neutral
"Get Ready, The Best Part of the Bitcoin Bull Market Has Just Started.",2025-01-25 11:12:19,0.6,Positive
Bitcoin’s Sudden Drop Triggers Nearly $900 Million Crypto Market Liquidation,2025-01-27 09:25:08,0.05,Positive
MicroStrategy Shareholders Vote To Increase Number of Shares in Order To Fund Bitcoin (BTC) Purchases,2025-01-22 04:11:50,0.0,Neutral
Coinbase CEO Brian Armstrong Says Bitcoin's Future Is Bright: 'The Dawn Of A New Day For Crypto',2025-01-21 19:44:14,0.2787878787878788,Positive
Should i invest 1000 EUR in Bitcoin or wait for a dip?,2025-01-25 19:41:49,0.0,Neutral
Bitcoin Could Cross $1M by Year-End if It Continues to Follow 2017 Cycle: Van Straten,2025-01-21 12:30:32,0.0,Neutral
Vivek Ramaswamy backs Ohio's new strategic Bitcoin reserve bill,2025-01-26 07:04:11,0.13636363636363635,Positive
Utah Rep. Jordan Teuscher Proposes Strategic Bitcoin Reserve Bill: Up to 10% of State Funds Could Be Invested in Bitcoin & Stablecoins,2025-01-21 10:55:49,0.0,Neutral
"Jack Dorsey’s Bitcoin Mining Vision: Open-Source Hashboard Built with 100x Intel Blockscale ASICs - What do you think of his push for modular, sustainable mining tech?",2025-01-24 18:10:59,0.0,Neutral
"Coinbase CEO Calls Bitcoin ‘The Better Form Of Money,’ Urges Governments to Hold BTC Reserves",2025-01-24 08:16:07,0.5,Positive
"MicroStrategy Slows Down, To Buy $13.65 Billion Worth of Bitcoins in 2025-27",2025-01-21 14:04:01,0.07222222222222222,Positive
Bitcoin as a store of wealth.,2025-01-21 02:05:17,0.0,Neutral
'I will never surrender': Man who lost Bitcoin fortune looks for new lawyers,2025-01-21 06:06:02,0.13636363636363635,Positive
Bitcoin wallets holding at least $100 near all-time highs,2025-01-26 19:50:00,-0.09999999999999999,Negative
"Bitcoin Wallets Holding 100 to 1,000 BTC Hit Record High",2025-01-27 00:20:40,0.16,Positive
The entire point of a blockchain is the ability for anyone to audit it starting from genesis block. You can’t do that with Ripple.,2025-01-24 10:15:09,0.0,Neutral
"MicroStrategy votes to increase number of shares, fuel bitcoin purchases",2025-01-21 18:47:58,0.0,Neutral
MicroStrategy may owe taxes on $19B unrealized Bitcoin gains: Report,2025-01-24 14:55:57,0.0,Neutral
2025 feels like 2017 all over again.,2025-01-23 23:36:02,0.0,Neutral
Bitcoin Demand Weakens but Large Investors Enter Reaccumulation,2025-01-25 16:18:05,0.21428571428571427,Positive
Bitcoin ETF inflows cool off as BTC slips back to $102k,2025-01-23 08:42:11,0.175,Positive
1 Million Bitcoin Pulled From Exchanges In The Past 3 Years: What It Means for BTC Market,2025-01-21 04:12:44,-0.25,Negative
Poland overtakes El Salvador in global Bitcoin ATM count,2025-01-27 11:35:12,0.0,Neutral
"Brian Armstrong Tells WEF That Bitcoin Is a Better Form of Money Than Gold, Says Crypto Still in Infancy",2025-01-21 21:51:56,0.5,Positive
"Very Bullish Forbes Article “Nations States Turn To Bitcoin As A Strategic Reserve Asset“. Quote from article: “Bitcoin has become more than an economic instrument; it is a symbol of progress, sovereignty, and the transformation of the global financial system.“",2025-01-22 15:56:41,0.18,Positive
MicroStrategy Bought Another $1B in Bitcoin Last Week,2025-01-21 20:55:54,0.0,Neutral
"MicroStrategy accumulates additional 10,107 Bitcoin at over $105K per coin",2025-01-27 19:36:20,0.0,Neutral
Bitcoin Sees $800 Million Net Outflows Indicating Strong Demand | Flash News Detail,2025-01-25 19:20:30,0.21666666666666667,Positive
Bitcoin traders refuse to YOLO after BTC nearly hits $110K — Why are they waiting?,2025-01-20 21:45:22,0.1,Positive
China sold near $20B Bitcoin from PlusToken seizure: CryptoQuant CEO,2025-01-23 18:17:25,0.1,Positive
Bitcoin Trade Volume Wednesday Was One of the Largest Ever,2025-01-23 18:45:38,0.0,Neutral
MicroStrategy Shareholders Approve Bitcoin Investment Plan,2025-01-22 17:56:15,0.0,Neutral
A spoiler for the future - Bitcoin (article from 2013),2025-01-27 15:45:57,0.0,Neutral
Property owners face hefty electricity bills due to tenants’ illegal bitcoin mining in Perak,2025-01-22 10:01:54,-0.3125,Negative
"KULR Expands Bitcoin (BTC) Holdings to 510 BTC, Taking Total Purchases to $50M",2025-01-21 18:41:55,0.0,Neutral
"'How to buy crypto?' Mentions of bitcoin jump on social media and web searches, indicating potential retail interest",2025-01-21 03:07:10,0.016666666666666666,Positive
Nasdaq seeks amendment to BlackRock’s Bitcoin ETF for in-kind redemptions,2025-01-25 02:56:23,0.0,Neutral
Ross Ulbricht to be pardoned inside Whitehouse sources confirm ,2025-01-21 01:34:23,0.0,Neutral
Why is anybody buying memecoins?,2025-01-20 22:43:31,0.0,Neutral
Just 5990% more and I can quit my job and live off the returns,2025-01-22 02:28:18,0.3181818181818182,Positive
What cryptocurrencies have the biggest cults?,2025-01-24 17:45:05,0.0,Neutral
Ross Ulbricht,2025-01-25 23:01:44,0.0,Neutral
They call it Deepseek because everyone will be deeply seeking McDonald’s employment. State of the crypto trenches have turned worse with each dip.,2025-01-27 12:25:19,-0.2,Negative
Crypto hasn't even begun to melt faces - Part 2,2025-01-20 21:31:34,0.0,Neutral
What would cause another alt season?,2025-01-21 05:51:31,0.0,Neutral
Apparently Banks are good now,2025-01-24 01:37:06,0.375,Positive
Do you think mass adoption is possible?,2025-01-22 23:14:41,0.0,Neutral
Why does no one talk about how crypto provides no tangible value to most of society?,2025-01-27 14:30:20,0.5,Positive
"This is why I believe the Bullrun won’t happen, at least not as expected.",2025-01-26 10:22:45,-0.2,Negative
"The level of stup*dity in this sub is on the rise, some quick little tips for new (and some old) folks",2025-01-21 03:32:23,0.09554924242424243,Positive
Altseason is on the way! List of coins with huge potential!,2025-01-21 16:09:35,0.19999999999999998,Positive
French Authorities Rescue Ledger Co-Founder and His Wife After Both Were Kidnapped for Crypto Ransom.,2025-01-25 21:31:27,0.0,Neutral
Brazil Bans Incentives for Worldcoin Iris Scanning,2025-01-26 02:08:24,0.0,Neutral
"So I've recently started putting in small amounts into crypto, I need some advice.",2025-01-23 11:05:41,-0.125,Negative
I got my siblings into crypto by promising them a certain amount in crypto if they would send me their receive address on the blockchain so I could donate it to them. They both did.,2025-01-26 08:02:41,0.20714285714285713,Positive
‘Floodgates Are Opening’ – Coinbase CEO Brian Armstrong Says TradFi Firms Accelerating Crypto Investments,2025-01-26 18:55:06,0.0,Neutral
Coming back to crypto. Can I get a run down.,2025-01-22 07:27:49,-0.07777777777777778,Negative
Trimming my portfolio - advice much appreciated!,2025-01-22 18:37:20,0.25,Positive
"""Who the h* is selling their precious BTCs at this crypto golden time? Are they losing their mind?"" I think it has a lot to do with the January 2025 Option market",2025-01-21 02:31:42,0.4,Positive
Trezor wallet and consistent transactions to the wallet without being connected,2025-01-25 21:21:46,0.25,Positive
Need some investment advice from strangers,2025-01-27 02:53:38,0.0,Neutral
What do you think about UTXO Stack? (BTC Liquidity Staking Protocol + Stablecoin on Lightning Network),2025-01-24 22:50:42,0.0,Neutral
I made a coin to figure this out so you don't have to.,2025-01-21 20:57:26,0.0,Neutral
"MicroStrategy acquires another 11,000 BTC and achieves BTC Yield of 1.69% YTD 2025 -  Now Holds 461,000 BTC",2025-01-21 16:03:15,0.0,Neutral
What do you think of momentum investing as a strategy?,2025-01-21 20:11:13,0.0,Neutral
BCH Weekly News - Bliss NFT Tickets - GP Sponsorships - Global Surgery revolutionizing publishing with BCH - Wallet Updates,2025-01-23 07:24:05,0.0,Neutral
Building a transaction scheduler,2025-01-23 04:11:37,0.0,Neutral
Crypto Newbie (canada),2025-01-22 16:39:56,0.0,Neutral
America The World Capital Of Crypto,2025-01-24 01:46:27,0.0,Neutral
"Did BRICS develop BRICS Chain? In short, no.",2025-01-22 22:24:49,0.0,Neutral
Hyperliquid - once in a multi-cycle opportunity.,2025-01-27 04:23:23,0.0,Neutral
Balaji Says Your Top 100  Ghost Chain Coin is a Meme Coin,2025-01-22 06:49:53,0.5,Positive
Old background mining sites/programs?,2025-01-23 02:08:44,0.1,Positive
Brazilian oil giant Petrobras ventures into crypto mining and tokenization,2025-01-22 17:24:36,0.0,Neutral
A Desktop Wallpaper was Offered and Sold for 500 BTC in 2010. Wallet Volume and Current Holdings on Second Picture,2025-01-24 07:35:27,0.0,Neutral
